Должность,Компания,Адрес,Ссылка 
['Python разработчик системы A/B-экспериментов', 'ООО\xa0HeadHunter::Backend', 'Москва', 'https://prokopyevsk.hh.ru/vacancy/73232547?from=vacancy_search_list&query=python']
['DevOps инженер', 'Fashion Cute LLC', 'Москва', 'https://prokopyevsk.hh.ru/vacancy/73199408?from=vacancy_search_list&query=python']
['Go разработчик со знаниями Python', 'ТОО\xa0Freedom Drive', 'Алматы', 'https://prokopyevsk.hh.ru/vacancy/73160773?from=vacancy_search_list&query=python']
['Python Full Stack Web Developer', 'Gaijin Games', 'Армения', 'https://prokopyevsk.hh.ru/vacancy/73253957?from=vacancy_search_list&query=python']
['Backend разработчик (удаленно)', 'Good Tools Lab', 'Алматы', 'https://prokopyevsk.hh.ru/vacancy/73164997?from=vacancy_search_list&query=python']
['Middle Python developer (Казань)', 'ООО\xa0Колл-Тулз', 'Казань', 'https://prokopyevsk.hh.ru/vacancy/70809271?from=vacancy_search_list&query=python']
['Python-developer в AntiDDoS', 'WILDBERRIES', 'Москва', 'https://prokopyevsk.hh.ru/vacancy/73041312?from=vacancy_search_list&query=python']
['Системный администратор Linux (Казань)', 'ООО\xa0Колл-Тулз', 'Казань', 'https://prokopyevsk.hh.ru/vacancy/72308150?from=vacancy_search_list&query=python']
['Аналитик данных', 'ООО\xa0ДельтаЛизинг', 'Москва', 'https://prokopyevsk.hh.ru/vacancy/73227412?from=vacancy_search_list&query=python']
['Дата-инженер / Data Engineer', '«Procter & Gamble»', 'Москва', 'https://prokopyevsk.hh.ru/vacancy/71236005?from=vacancy_search_list&query=python']
['BI Developer', 'WILDBERRIES', 'Москва', 'https://prokopyevsk.hh.ru/vacancy/53286310?from=vacancy_search_list&query=python']
['Teacher of Python Programming', 'IDU University', 'Ташкент', 'https://prokopyevsk.hh.ru/vacancy/73061241?from=vacancy_search_list&query=python']
['Системный администратор Linux (релокация в Сочи)', 'ООО\xa0Колл-Тулз', 'Сочи', 'https://prokopyevsk.hh.ru/vacancy/73072587?from=vacancy_search_list&query=python']
['Senior DevOps Engineer (Yepp)', 'FUNCORP', 'Кипр', 'https://prokopyevsk.hh.ru/vacancy/71486585?from=vacancy_search_list&query=python']
['DevOps engineer / MongoDB DBA', 'FUNCORP', 'Кипр', 'https://prokopyevsk.hh.ru/vacancy/72008558?from=vacancy_search_list&query=python']
['Инженер DevOps', 'Банк ВТБ (ПАО)', 'Санкт-Петербург', 'https://prokopyevsk.hh.ru/vacancy/73038222?from=vacancy_search_list&query=python']
['Инженер DevOps', 'Банк ВТБ (ПАО)', 'Самара', 'https://prokopyevsk.hh.ru/vacancy/73038223?from=vacancy_search_list&query=python']
['Прикладной администратор', 'Банк ВТБ (ПАО)', 'Москва', 'https://prokopyevsk.hh.ru/vacancy/73038190?from=vacancy_search_list&query=python']
['Инженер по сопровождению облачной платформы', 'Банк ВТБ (ПАО)', 'Москва', 'https://prokopyevsk.hh.ru/vacancy/71804371?from=vacancy_search_list&query=python']
['Python разработчик микросервисы', 'ООО\xa0Система Продаж', 'Нижний Новгород', 'https://prokopyevsk.hh.ru/vacancy/73271570?from=vacancy_search_list&query=python']
['Python Developer (Infrastructure)', 'Lesta Games', 'Москва', 'https://prokopyevsk.hh.ru/vacancy/72725574?from=vacancy_search_list&query=python']
['Junior Data Scientist (Стажер)', 'Центр финансовых технологий', 'Томск', 'https://prokopyevsk.hh.ru/vacancy/73222504?from=vacancy_search_list&query=python']
['Full-stack Python Developer', 'Skanestas Investments Limited', 'Кипр', 'https://prokopyevsk.hh.ru/vacancy/72927647?from=vacancy_search_list&query=python']
['Junior разработчик нейросетевых алгоритмов / Reinforcement Learning', 'Федеральное автономное учреждение Государственный Научно-Исследовательский Институт Авиационных Систем', 'Москва', 'https://prokopyevsk.hh.ru/vacancy/72344916?from=vacancy_search_list&query=python']
['Python Developer (Middle/Senior)', 'OGD Solutions', 'Бишкек', 'https://prokopyevsk.hh.ru/vacancy/72065761?from=vacancy_search_list&query=python']
['Python Team Lead / Руководитель backend разработки (в аккредитованную ИТ компанию)', 'GRI', 'Москва', 'https://prokopyevsk.hh.ru/vacancy/48216332?from=vacancy_search_list&query=python']
['Программист Python', 'Тензор', 'Уфа', 'https://prokopyevsk.hh.ru/vacancy/70669741?from=vacancy_search_list&query=python']
['Junior Data Scientist / Аудитор', 'Сбер для экспертов', 'Москва', 'https://prokopyevsk.hh.ru/vacancy/73209857?from=vacancy_search_list&query=python']
['Junior Data Scientist (Стажер)', 'Центр финансовых технологий', 'Омск', 'https://prokopyevsk.hh.ru/vacancy/73222508?from=vacancy_search_list&query=python']
['Исследователь в области ML/DL', 'ООО\xa0Аналитический центр устойчивого развития и цифровой экономики', 'Москва', 'https://prokopyevsk.hh.ru/vacancy/72969820?from=vacancy_search_list&query=python']
['DevOps инженер', 'ООО\xa0БОЛЬШАЯ ТРОЙКА', 'Москва', 'https://prokopyevsk.hh.ru/vacancy/73151330?from=vacancy_search_list&query=python']
['Data Analyst (mobile games)', 'Crazy Panda', 'Москва', 'https://prokopyevsk.hh.ru/vacancy/71292701?from=vacancy_search_list&query=python']
['Программист С++/Python (R&D в проекте метавселенной)', 'ООО\xa03Д Платформа', 'Москва', 'https://prokopyevsk.hh.ru/vacancy/71388347?from=vacancy_search_list&query=python']
['Data Scientist (Junior)', 'СберМаркет', 'Москва', 'https://prokopyevsk.hh.ru/vacancy/73254227?from=vacancy_search_list&query=python']
['DATA инженер', 'Сотка', 'Казань', 'https://prokopyevsk.hh.ru/vacancy/72933385?from=vacancy_search_list&query=python']
['ML разработчик / Data scientist', 'BabyBlog.ru (Бэбиблог', 'Москва', 'https://prokopyevsk.hh.ru/vacancy/72787688?from=vacancy_search_list&query=python']
['Middle Python developer', 'Rabbit & Carrot', 'Москва', 'https://prokopyevsk.hh.ru/vacancy/73202175?from=vacancy_search_list&query=python']
['Linux Backend Developer', 'Plesk', 'Турция', 'https://prokopyevsk.hh.ru/vacancy/71593335?from=vacancy_search_list&query=python']
['Data Scientist', 'Skanestas Investments Limited', 'Кипр', 'https://prokopyevsk.hh.ru/vacancy/72759255?from=vacancy_search_list&query=python']
['Инженер DevOps', 'SoftGamings', 'Сербия', 'https://prokopyevsk.hh.ru/vacancy/72127208?from=vacancy_search_list&query=python']
['Game Analyst', 'GAMETEQ', 'Тбилиси', 'https://prokopyevsk.hh.ru/vacancy/72162809?from=vacancy_search_list&query=python']
['Data Scientist (Аналитик)', 'ООО\xa0МКК Срочноденьги', 'Нижний Новгород', 'https://prokopyevsk.hh.ru/vacancy/73022227?from=vacancy_search_list&query=python']
['Junior Python разработчик', 'ПАО\xa0МегаФон', 'Самара', 'https://prokopyevsk.hh.ru/vacancy/73020004?from=vacancy_search_list&query=python']
['Python Developer (Senior)', 'ТОКИО-CITY', 'Санкт-Петербург', 'https://prokopyevsk.hh.ru/vacancy/71925039?from=vacancy_search_list&query=python']
['Программист Python (удаленно)', 'Nextner', 'Красноярск', 'https://prokopyevsk.hh.ru/vacancy/73054152?from=vacancy_search_list&query=python']
['Аналитик данных / Data scientist', 'ООО\xa0СтандартПроект', 'Москва', 'https://prokopyevsk.hh.ru/vacancy/72177207?from=vacancy_search_list&query=python']
['Python Developer - Junior / Middle', 'A-hiring', 'Москва', 'https://prokopyevsk.hh.ru/vacancy/73032180?from=vacancy_search_list&query=python']
['Разработчик Elixir (Junior)', 'Eqvanta', 'Санкт-Петербург', 'https://prokopyevsk.hh.ru/vacancy/72663017?from=vacancy_search_list&query=python']
['Backend разработчик (Python)', 'Кадровое агентство Алексея Сухорукова', 'Новосибирск', 'https://prokopyevsk.hh.ru/vacancy/73077451?from=vacancy_search_list&query=python']
['Python-разработчик', 'ООО\xa0Ред Софт', 'Москва', 'https://prokopyevsk.hh.ru/vacancy/69542170?from=vacancy_search_list&query=python']
['Data Scientist (Predict)', 'VK', 'Москва', 'https://prokopyevsk.hh.ru/vacancy/73254140?from=vacancy_search_list&query=python']
['Senior Data Analyst', 'AppMagic', 'Санкт-Петербург', 'https://prokopyevsk.hh.ru/vacancy/73138314?from=vacancy_search_list&query=python']
['Разработчик ML', 'NAUMEN', 'Санкт-Петербург', 'https://prokopyevsk.hh.ru/vacancy/72235984?from=vacancy_search_list&query=python']
['Backend разработчик (Python)', 'INSITECH Development', 'Санкт-Петербург', 'https://prokopyevsk.hh.ru/vacancy/73090302?from=vacancy_search_list&query=python']
['Senior/Lead Python developer (fintech)', 'Wanted', 'Армения', 'https://prokopyevsk.hh.ru/vacancy/73118577?from=vacancy_search_list&query=python']
['Автоматизатор в Дата-аналитику', 'ООО\xa0Верме', 'Москва', 'https://prokopyevsk.hh.ru/vacancy/73013784?from=vacancy_search_list&query=python']
['Python-разработчик систем сбора', 'ООО\xa0Селфсек', 'Москва', 'https://prokopyevsk.hh.ru/vacancy/72687495?from=vacancy_search_list&query=python']
['Middle backend Python developer', 'СОКБ', 'Москва', 'https://prokopyevsk.hh.ru/vacancy/72133611?from=vacancy_search_list&query=python']
['Backend разработчик (Python', 'ООО\xa0Инновационный центр КАМАЗ', 'Москва', 'https://prokopyevsk.hh.ru/vacancy/73131563?from=vacancy_search_list&query=python']
['Python разработчик', 'Университет Иннополис', 'Казань', 'https://prokopyevsk.hh.ru/vacancy/73035567?from=vacancy_search_list&query=python']
['Senior Python Fullstack Developer', '4CV Recruitment Services', 'Москва', 'https://prokopyevsk.hh.ru/vacancy/73195194?from=vacancy_search_list&query=python']
['Junior Data Scientist', 'Центр финансовых технологий', 'Томск', 'https://prokopyevsk.hh.ru/vacancy/73082790?from=vacancy_search_list&query=python']
['Middle+ / Senior Data Engineer', 'КИБЕР-РОМ', 'Москва', 'https://prokopyevsk.hh.ru/vacancy/69475611?from=vacancy_search_list&query=python']
['Python developer', 'Ростелеком - Центры обработки данных', 'Москва', 'https://prokopyevsk.hh.ru/vacancy/73008767?from=vacancy_search_list&query=python']
['Junior Data Scientist (Стажер)', 'Центр финансовых технологий', 'Новокузнецк', 'https://prokopyevsk.hh.ru/vacancy/73222506?from=vacancy_search_list&query=python']
['Middle Python Developer', 'Филиал компании Лист Ренталс Лимитед', 'Москва', 'https://prokopyevsk.hh.ru/vacancy/72631869?from=vacancy_search_list&query=python']
['Backend-Developer Python (middle)', 'Онлайн-школа Тетрика', 'Санкт-Петербург', 'https://prokopyevsk.hh.ru/vacancy/73244938?from=vacancy_search_list&query=python']
['Python - разработчик/Machine learning developer', 'Банк Открытие', 'Москва', 'https://prokopyevsk.hh.ru/vacancy/72124025?from=vacancy_search_list&query=python']
['Python developer', 'LC Group', 'Санкт-Петербург', 'https://prokopyevsk.hh.ru/vacancy/73120838?from=vacancy_search_list&query=python']
['Тестировщик на Python', 'SberTech', 'Барнаул', 'https://prokopyevsk.hh.ru/vacancy/73058688?from=vacancy_search_list&query=python']
['Middle Python/Go developer (офис)', 'Сайтсофт', 'Екатеринбург', 'https://prokopyevsk.hh.ru/vacancy/71379712?from=vacancy_search_list&query=python']
['Data Scientist', 'ООО\xa0Софт Инжиниринг', 'Томск', 'https://prokopyevsk.hh.ru/vacancy/73226517?from=vacancy_search_list&query=python']
['DevOps Engineer Junior', 'Gear Games', 'Кострома', 'https://prokopyevsk.hh.ru/vacancy/69389773?from=vacancy_search_list&query=python']
['Middle Python программист', 'TEAM 73', 'Ростов-на-Дону', 'https://prokopyevsk.hh.ru/vacancy/73005874?from=vacancy_search_list&query=python']
['Разработчик Python', 'НСК', 'Москва', 'https://prokopyevsk.hh.ru/vacancy/69756685?from=vacancy_search_list&query=python']
['Ученик DevOps Engineer', 'ООО\xa0Дунайс', 'Таганрог', 'https://prokopyevsk.hh.ru/vacancy/71821647?from=vacancy_search_list&query=python']
['Python Developer middle+', 'ООО\xa0Фаст Софт', 'Санкт-Петербург', 'https://prokopyevsk.hh.ru/vacancy/73136188?from=vacancy_search_list&query=python']
['Стажер Data Scientist', 'Сбер для экспертов', 'Санкт-Петербург', 'https://prokopyevsk.hh.ru/vacancy/72950810?from=vacancy_search_list&query=python']
['Python developer (офис)', 'Сайтсофт', 'Екатеринбург', 'https://prokopyevsk.hh.ru/vacancy/66112913?from=vacancy_search_list&query=python']
['Computer Vision Engineer (Стажер)', 'Центр финансовых технологий', 'Новокузнецк', 'https://prokopyevsk.hh.ru/vacancy/73227826?from=vacancy_search_list&query=python']
['Data Scientist', 'Finbridge', 'Ростов-на-Дону', 'https://prokopyevsk.hh.ru/vacancy/69953359?from=vacancy_search_list&query=python']
['Junior DevOps-инженер', 'Swordfish Security', 'Москва', 'https://prokopyevsk.hh.ru/vacancy/71240763?from=vacancy_search_list&query=python']
['Data Engineer', 'Playrix', 'Сербия', 'https://prokopyevsk.hh.ru/vacancy/73150384?from=vacancy_search_list&query=python']
['Backend-разработчик jun+/mid- (Golang)', 'ООО\xa0Центр Развития Технологий', 'Москва', 'https://prokopyevsk.hh.ru/vacancy/72034802?from=vacancy_search_list&query=python']
['Менеджер по автоматизации/Разработчик (SQL/VBA/Python)', 'ПАО\xa0«Группа Черкизово»', 'Москва', 'https://prokopyevsk.hh.ru/vacancy/71223138?from=vacancy_search_list&query=python']
['Data scientist', 'АО\xa0Московский ювелирный завод', 'Москва', 'https://prokopyevsk.hh.ru/vacancy/71883843?from=vacancy_search_list&query=python']
['QA Engineer (Python + pytest)', 'EXANTE', 'Армения', 'https://prokopyevsk.hh.ru/vacancy/73127056?from=vacancy_search_list&query=python']
['Senior Python developer', 'ООО\xa0ЛИГРЕС', 'Санкт-Петербург', 'https://prokopyevsk.hh.ru/vacancy/72739174?from=vacancy_search_list&query=python']
['Middle Python developer', 'S8 Capital', 'Москва', 'https://prokopyevsk.hh.ru/vacancy/72782526?from=vacancy_search_list&query=python']
['Data Engineer', 'Aviasales.ru', 'Москва', 'https://prokopyevsk.hh.ru/vacancy/72119964?from=vacancy_search_list&query=python']
['Server Programmer (Python)', 'Lesta Games', 'Санкт-Петербург', 'https://prokopyevsk.hh.ru/vacancy/68381368?from=vacancy_search_list&query=python']
['Python разработчик в команду Облака', 'КРОК', 'Москва', 'https://prokopyevsk.hh.ru/vacancy/71884634?from=vacancy_search_list&query=python']
['Разработчик Python', 'ООО\xa0МСК ГРУПП ИС', 'Москва', 'https://prokopyevsk.hh.ru/vacancy/72748175?from=vacancy_search_list&query=python']
['Стажер (Data Science', 'Сбер для экспертов', 'Новосибирск', 'https://prokopyevsk.hh.ru/vacancy/72778627?from=vacancy_search_list&query=python']
['Инженер-программист Python', 'АО\xa0Корпорация Оборонные технологии', 'Санкт-Петербург', 'https://prokopyevsk.hh.ru/vacancy/71226409?from=vacancy_search_list&query=python']
['Разработчик Python', 'ООО\xa0МСК ГРУПП ИС', 'Самара', 'https://prokopyevsk.hh.ru/vacancy/72748148?from=vacancy_search_list&query=python']
['Ведущий Python разработчик (проект INAC)', 'билайн: ИТ', 'Москва', 'https://prokopyevsk.hh.ru/vacancy/72006131?from=vacancy_search_list&query=python']
['Разработчик Telegram-ботов Python (Django)', 'Сибтех', 'Томск', 'https://prokopyevsk.hh.ru/vacancy/72808592?from=vacancy_search_list&query=python']
['Python developer в команду прогнозирования', 'Лента', 'Москва', 'https://prokopyevsk.hh.ru/vacancy/73092401?from=vacancy_search_list&query=python']
['Backend Developer (Python', 'ООО\xa0ЭджАм', 'Армения', 'https://prokopyevsk.hh.ru/vacancy/73168901?from=vacancy_search_list&query=python']
['Python developer (Django)', 'Kokoc Group', 'Санкт-Петербург', 'https://prokopyevsk.hh.ru/vacancy/72869326?from=vacancy_search_list&query=python']
['Team Lead Python', 'ООО\xa0Отус', 'Санкт-Петербург', 'https://prokopyevsk.hh.ru/vacancy/72241011?from=vacancy_search_list&query=python']
['Python разработчик в CM.Expert (Яндекс Вертикали)', 'Яндекс', 'Сербия', 'https://prokopyevsk.hh.ru/vacancy/72468075?from=vacancy_search_list&query=python']
['Data Scientist', 'ООО\xa0Софт Инжиниринг', 'Кемерово', 'https://prokopyevsk.hh.ru/vacancy/71913630?from=vacancy_search_list&query=python']
['Python developer (Django)', 'Kokoc Group', 'Москва', 'https://prokopyevsk.hh.ru/vacancy/72867688?from=vacancy_search_list&query=python']
['Python developer (Machine Learning Engineer)', 'Сбер. Data Science', 'Москва', 'https://prokopyevsk.hh.ru/vacancy/72074865?from=vacancy_search_list&query=python']
['Python-developer', 'Тензор', 'Екатеринбург', 'https://prokopyevsk.hh.ru/vacancy/72693020?from=vacancy_search_list&query=python']
['Senior Data Scientist', 'Группа Самолет', 'Москва', 'https://prokopyevsk.hh.ru/vacancy/72888902?from=vacancy_search_list&query=python']
['Python TeamLead', 'ООО «Газпромнефть-Региональные продажи»', 'Санкт-Петербург', 'https://prokopyevsk.hh.ru/vacancy/73223849?from=vacancy_search_list&query=python']
['Senior Python Developer', 'Lesta Games', 'Москва', 'https://prokopyevsk.hh.ru/vacancy/67488072?from=vacancy_search_list&query=python']
['Middle Python developer (team RnD)', 'SMENA', 'Уфа', 'https://prokopyevsk.hh.ru/vacancy/72936925?from=vacancy_search_list&query=python']
['BackEnd разработчик', 'Байт-Транзит-Континент', 'Новосибирск', 'https://prokopyevsk.hh.ru/vacancy/73238357?from=vacancy_search_list&query=python']
['Python-разработчик', 'Иви', 'Москва', 'https://prokopyevsk.hh.ru/vacancy/70899389?from=vacancy_search_list&query=python']
['Python разработчик', 'Holyweb', 'Санкт-Петербург', 'https://prokopyevsk.hh.ru/vacancy/72786248?from=vacancy_search_list&query=python']
['Senior Python Программист', 'ООО\xa0Неро Электроникс', 'Минск', 'https://prokopyevsk.hh.ru/vacancy/70970686?from=vacancy_search_list&query=python']
['Преподаватель Python (Саратов или Энгельс)', 'ООО\xa0Центр Автоматизации Бизнеса Форвард', 'Энгельс', 'https://prokopyevsk.hh.ru/vacancy/72531536?from=vacancy_search_list&query=python']
['Senior Python developer ML', 'КИБЕР-РОМ', 'Москва', 'https://prokopyevsk.hh.ru/vacancy/72141940?from=vacancy_search_list&query=python']
['Программист Python', 'ГКУ Инфогород', 'Москва', 'https://prokopyevsk.hh.ru/vacancy/72821237?from=vacancy_search_list&query=python']
['Специалист по автоматизированному тестированию (Python)', 'BI.ZONE Направление Разработка', 'Москва', 'https://prokopyevsk.hh.ru/vacancy/73244764?from=vacancy_search_list&query=python']
['Go-разработчик (краудсорсинговая платформа TagMe)', 'Сбер. IT', 'Москва', 'https://prokopyevsk.hh.ru/vacancy/69958164?from=vacancy_search_list&query=python']
['Middle Python разработчик (Django)', 'МедРокет', 'Краснодар', 'https://prokopyevsk.hh.ru/vacancy/67115536?from=vacancy_search_list&query=python']
['Python developer в команду прогнозирования', 'Лента', 'Нижний Новгород', 'https://prokopyevsk.hh.ru/vacancy/73092405?from=vacancy_search_list&query=python']
['Python developer в команду прогнозирования', 'Лента', 'Санкт-Петербург', 'https://prokopyevsk.hh.ru/vacancy/73092402?from=vacancy_search_list&query=python']
['Python разработчик', 'Банк ВТБ (ПАО)', 'Санкт-Петербург', 'https://prokopyevsk.hh.ru/vacancy/72232525?from=vacancy_search_list&query=python']
['Senior Python Developer', 'IT and Digital', 'Баку', 'https://prokopyevsk.hh.ru/vacancy/72490987?from=vacancy_search_list&query=python']
['Тестировщик (ручное тестирование', 'ООО\xa0Axenix (ранее Accenture)', 'Армения', 'https://prokopyevsk.hh.ru/vacancy/72696810?from=vacancy_search_list&query=python']
['Data Analyst', 'Karuna', 'Санкт-Петербург', 'https://prokopyevsk.hh.ru/vacancy/73079343?from=vacancy_search_list&query=python']
['Python-разработчик', 'ООО\xa0СалютДевайсы', 'Москва', 'https://prokopyevsk.hh.ru/vacancy/69107011?from=vacancy_search_list&query=python']
['QA Automation engineer (python)', 'ЛАЙФСТРИМ', 'Москва', 'https://prokopyevsk.hh.ru/vacancy/72136927?from=vacancy_search_list&query=python']
['Senior backend developer (Computer vision system)', 'ООО\xa0Инфотек', 'Москва', 'https://prokopyevsk.hh.ru/vacancy/72662215?from=vacancy_search_list&query=python']
['Data-инженер', 'Тинькофф', 'Уфа', 'https://prokopyevsk.hh.ru/vacancy/72358065?from=vacancy_search_list&query=python']
['Python-разработчик', 'Rubbles', 'Москва', 'https://prokopyevsk.hh.ru/vacancy/72741604?from=vacancy_search_list&query=python']
['Младший научный сотрудник (компьютерное зрение', 'Южный федеральный университет', 'Ростов-на-Дону', 'https://prokopyevsk.hh.ru/vacancy/73010893?from=vacancy_search_list&query=python']
['Python разработчик', 'HR компания Светланы Софиевой', 'Москва', 'https://prokopyevsk.hh.ru/vacancy/72435120?from=vacancy_search_list&query=python']
['Senior Python/Django разработчик', 'Группа Самолет', 'Москва', 'https://prokopyevsk.hh.ru/vacancy/72001198?from=vacancy_search_list&query=python']
['Python/Go-разработчик', 'Яндекс', 'Москва', 'https://prokopyevsk.hh.ru/vacancy/72686247?from=vacancy_search_list&query=python']
['Python разработчик', 'Fortech', 'Новочеркасск', 'https://prokopyevsk.hh.ru/vacancy/72524974?from=vacancy_search_list&query=python']
['Senior Python-разработчик', 'IBIT', 'Кипр', 'https://prokopyevsk.hh.ru/vacancy/73030850?from=vacancy_search_list&query=python']
['Senior Python Developer', 'ООО\xa0Ибс Инфинисофт', 'Москва', 'https://prokopyevsk.hh.ru/vacancy/72735700?from=vacancy_search_list&query=python']
['Data Analyst', 'ООО\xa0Моризо Диджитал', 'Нижний Новгород', 'https://prokopyevsk.hh.ru/vacancy/71830065?from=vacancy_search_list&query=python']
['Jun+ Python Developer (Офис)', 'ООО\xa0НЬЮЭРАМЕДИА', 'Москва', 'https://prokopyevsk.hh.ru/vacancy/71343263?from=vacancy_search_list&query=python']
['Инженер по конфигурационному управлению/DevOps', 'ООО\xa0Телеформ ИС', 'Москва', 'https://prokopyevsk.hh.ru/vacancy/71354023?from=vacancy_search_list&query=python']
['Инженер по машинному обучению (проект "Новые пользователи")', 'VK', 'Санкт-Петербург', 'https://prokopyevsk.hh.ru/vacancy/68352725?from=vacancy_search_list&query=python']
['Ведущий AI/ML инженер', 'SteadyControl', 'Екатеринбург', 'https://prokopyevsk.hh.ru/vacancy/72451068?from=vacancy_search_list&query=python']
['Автор работ по программированию Python', 'Homework', 'Нижний Новгород', 'https://prokopyevsk.hh.ru/vacancy/73146098?from=vacancy_search_list&query=python']
['Программист Python/Data Scientist (middle/senior) - удаленно | fully remote', 'ООО\xa0Апэрбот', 'Новосибирск', 'https://prokopyevsk.hh.ru/vacancy/72428920?from=vacancy_search_list&query=python']
['Backend разработчик Python midlle', 'ГРЧЦ', 'Москва', 'https://prokopyevsk.hh.ru/vacancy/44070869?from=vacancy_search_list&query=python']
['Senior / Middle+ QA Automation Backend (python)', 'КИБЕР-РОМ', 'Москва', 'https://prokopyevsk.hh.ru/vacancy/72688800?from=vacancy_search_list&query=python']
['Senior Python разработчик (PT Sandbox)', 'Positive Technologies', 'Нижний Новгород', 'https://prokopyevsk.hh.ru/vacancy/72137569?from=vacancy_search_list&query=python']
['Data Science', 'Лига Цифровой Экономики', 'Москва', 'https://prokopyevsk.hh.ru/vacancy/70674007?from=vacancy_search_list&query=python']
['Middle Backend / Python (remote)', 'ООО\xa0ТЛ Групп', 'Ташкент', 'https://prokopyevsk.hh.ru/vacancy/72427790?from=vacancy_search_list&query=python']
['Python Developer', 'Stafflix', 'Санкт-Петербург', 'https://prokopyevsk.hh.ru/vacancy/72464515?from=vacancy_search_list&query=python']
['QA Intern - Automation testing', 'a1qa', 'Алматы', 'https://prokopyevsk.hh.ru/vacancy/67363507?from=vacancy_search_list&query=python']
['Senior Python Developer (Удаленно)', 'IT and Digital', 'Тбилиси', 'https://prokopyevsk.hh.ru/vacancy/72431905?from=vacancy_search_list&query=python']
['Data Engineer', 'ИП\xa0Райков Евгений Игоревич', 'Москва', 'https://prokopyevsk.hh.ru/vacancy/72660701?from=vacancy_search_list&query=python']
['Стажер-разработчик бэкенда (Python)', 'Яндекс', 'Новосибирск', 'https://prokopyevsk.hh.ru/vacancy/72377125?from=vacancy_search_list&query=python']
['Data-инженер', 'Тинькофф', 'Алматы', 'https://prokopyevsk.hh.ru/vacancy/71763858?from=vacancy_search_list&query=python']
['Senior Python разработчик', 'Домклик', 'Москва', 'https://prokopyevsk.hh.ru/vacancy/68918046?from=vacancy_search_list&query=python']
['Python backend developer', 'ООО\xa0Талала', 'Москва', 'https://prokopyevsk.hh.ru/vacancy/72455309?from=vacancy_search_list&query=python']
['Python-разработчик', 'ЛитРес', 'Москва', 'https://prokopyevsk.hh.ru/vacancy/71525700?from=vacancy_search_list&query=python']
['Ведущий разработчик ПО в области облачных технологий', 'ООО\xa0Прогматик Лаб', 'Москва', 'https://prokopyevsk.hh.ru/vacancy/68317619?from=vacancy_search_list&query=python']
['Инженер DevOps', 'ГК Альфа', 'Казань', 'https://prokopyevsk.hh.ru/vacancy/72938588?from=vacancy_search_list&query=python']
['Junior+/pre-middle Data Scientist (дистанционно)', 'DataLouna', 'Новосибирск', 'https://prokopyevsk.hh.ru/vacancy/72567313?from=vacancy_search_list&query=python']
['Старший разработчик Python/Go', 'ООО\xa0«РУСАГРО»', 'Москва', 'https://prokopyevsk.hh.ru/vacancy/73051406?from=vacancy_search_list&query=python']
['QA Engineer / Тестировщик системного ПО', 'Протей', 'Санкт-Петербург', 'https://prokopyevsk.hh.ru/vacancy/72186209?from=vacancy_search_list&query=python']
['Senior Python разработчик (PT Sandbox)', 'Positive Technologies', 'Санкт-Петербург', 'https://prokopyevsk.hh.ru/vacancy/72137568?from=vacancy_search_list&query=python']
['Full Stack Python/JS разработчик', 'Радиофид', 'Санкт-Петербург', 'https://prokopyevsk.hh.ru/vacancy/72752951?from=vacancy_search_list&query=python']
['Middle Python разработчик', 'Московский Кредитный Банк. ИТ-специалисты', 'Москва', 'https://prokopyevsk.hh.ru/vacancy/72940395?from=vacancy_search_list&query=python']
['Разработчик Python (backend)', 'Первый Бит', 'Москва', 'https://prokopyevsk.hh.ru/vacancy/72255042?from=vacancy_search_list&query=python']
['Python backend Middle/Senior developer', 'PENA', 'Брянск', 'https://prokopyevsk.hh.ru/vacancy/69278697?from=vacancy_search_list&query=python']
['Программист Python', 'ООО\xa0ARHAT HOLDING', 'Ташкент', 'https://prokopyevsk.hh.ru/vacancy/72127335?from=vacancy_search_list&query=python']
['Lead Python Developer (Machine Learning)', 'ООО\xa0ВЭБ Технологии', 'Минск', 'https://prokopyevsk.hh.ru/vacancy/68733287?from=vacancy_search_list&query=python']
['Data engineer (junior)', 'Rambler&Co', 'Москва', 'https://prokopyevsk.hh.ru/vacancy/71435995?from=vacancy_search_list&query=python']
['DevOps engineer', 'билайн: ИТ', 'Москва', 'https://prokopyevsk.hh.ru/vacancy/72375212?from=vacancy_search_list&query=python']
['Data-инженер', 'Тинькофф', 'Астана', 'https://prokopyevsk.hh.ru/vacancy/71766910?from=vacancy_search_list&query=python']
['Разработчик Python', 'Детский Хоспис Дом с маяком', 'Москва', 'https://prokopyevsk.hh.ru/vacancy/72409237?from=vacancy_search_list&query=python']
['Backend разработчик python', 'ПАО «Газпром нефть»', 'Санкт-Петербург', 'https://prokopyevsk.hh.ru/vacancy/72688659?from=vacancy_search_list&query=python']
['Преподаватель программирования Python в детском центре "Инжинириум МГТУ им.Баумана"', 'Инжинириум МГТУ им.Н.Э.Баумана', 'Королев', 'https://prokopyevsk.hh.ru/vacancy/71959126?from=vacancy_search_list&query=python']
['Junior Full-stack Python Developer', 'Innowise Group / Фабрика инноваций и решений', 'Минск', 'https://prokopyevsk.hh.ru/vacancy/72354391?from=vacancy_search_list&query=python']
['Преподаватель программирования Python в детском центре "Инжинириум МГТУ им.Баумана"', 'Инжинириум МГТУ им.Н.Э.Баумана', 'Мытищи', 'https://prokopyevsk.hh.ru/vacancy/71959125?from=vacancy_search_list&query=python']
['Python / Django разработчик (TeamLead / CTO)', 'ТОО\xa0MERIS Digital Solutions', 'Астана', 'https://prokopyevsk.hh.ru/vacancy/72675751?from=vacancy_search_list&query=python']
['Ведущий Python-developer', 'Тензор', 'Екатеринбург', 'https://prokopyevsk.hh.ru/vacancy/72053651?from=vacancy_search_list&query=python']
['Программист (C++/Java Core/Python/Go/Rust)', 'Орешонок Анастасия Сергеевна', 'Новосибирск', 'https://prokopyevsk.hh.ru/vacancy/72248558?from=vacancy_search_list&query=python']
['SRE-инженер', 'HR Prime', 'Москва', 'https://prokopyevsk.hh.ru/vacancy/72939654?from=vacancy_search_list&query=python']
['Python разработчик', 'USETECH', 'Москва', 'https://prokopyevsk.hh.ru/vacancy/72543082?from=vacancy_search_list&query=python']
['Разработчик БД', ' Rendez-Vous. IT', 'Москва', 'https://prokopyevsk.hh.ru/vacancy/72397646?from=vacancy_search_list&query=python']
['Разработчик C++ (НИОКР)', 'АО\xa0Эшелон Технологии', 'Москва', 'https://prokopyevsk.hh.ru/vacancy/72424853?from=vacancy_search_list&query=python']
['Разработчик баз данных (PostgreSQL', 'Сбер. IT', 'Москва', 'https://prokopyevsk.hh.ru/vacancy/72107469?from=vacancy_search_list&query=python']
['Разработчик Python (Middle', 'NGENIX', 'Москва', 'https://prokopyevsk.hh.ru/vacancy/55088580?from=vacancy_search_list&query=python']
['Middle backend-разработчик (Python)', 'Яндекс Практикум', 'Москва', 'https://prokopyevsk.hh.ru/vacancy/72919219?from=vacancy_search_list&query=python']
['Python Developer (middle/Senior)', 'Группа НЛМК', 'Москва', 'https://prokopyevsk.hh.ru/vacancy/72948067?from=vacancy_search_list&query=python']
['Python Tech Lead', 'Информационное агентство России ТАСС', 'Москва', 'https://prokopyevsk.hh.ru/vacancy/72008831?from=vacancy_search_list&query=python']
['Разработчик Python (Middle+)', 'Maspalla', 'Москва', 'https://prokopyevsk.hh.ru/vacancy/72525156?from=vacancy_search_list&query=python']
['Python – разработчик', 'EFIX GROUP', 'Москва', 'https://prokopyevsk.hh.ru/vacancy/70972021?from=vacancy_search_list&query=python']
['Backend Team Lead (Python)', 'ООО\xa0Звук', 'Москва', 'https://prokopyevsk.hh.ru/vacancy/71010945?from=vacancy_search_list&query=python']
['Data Analyst Python', 'Доценко Дарья', 'Москва', 'https://prokopyevsk.hh.ru/vacancy/72064164?from=vacancy_search_list&query=python']
['Python Developer (разработка чат-ботов)', 'Stafflix', 'Санкт-Петербург', 'https://prokopyevsk.hh.ru/vacancy/72378418?from=vacancy_search_list&query=python']
['Planner Software Инженер (C++/Python)', 'АО\xa0Кама', 'Санкт-Петербург', 'https://prokopyevsk.hh.ru/vacancy/71498941?from=vacancy_search_list&query=python']
['Инженер-программист', 'РКК Энергия', 'Москва', 'https://prokopyevsk.hh.ru/vacancy/72872653?from=vacancy_search_list&query=python']
['Python-разработчик (в офисе)', 'Клиника Мпрофико', 'Москва', 'https://prokopyevsk.hh.ru/vacancy/72580759?from=vacancy_search_list&query=python']
['Python - разработчик (ALM 2.0 Динамическое моделирование баланса)', 'Иннотех', 'Москва', 'https://prokopyevsk.hh.ru/vacancy/72748577?from=vacancy_search_list&query=python']
['Ментор по Python (middle+/senior)', 'Your CodeReview', 'Москва', 'https://prokopyevsk.hh.ru/vacancy/72783844?from=vacancy_search_list&query=python']
['Python - разработчик (Middle)', 'Adwile', 'Казань', 'https://prokopyevsk.hh.ru/vacancy/72408960?from=vacancy_search_list&query=python']
['Data-инженер', 'Тинькофф', 'Ижевск', 'https://prokopyevsk.hh.ru/vacancy/66672507?from=vacancy_search_list&query=python']
['Backend-разработчик / Разработчик Python', 'Университет ИТМО', 'Санкт-Петербург', 'https://prokopyevsk.hh.ru/vacancy/52161189?from=vacancy_search_list&query=python']
['Программист Python\\Django', 'ООО\xa0ИнфоДев', 'Хабаровск', 'https://prokopyevsk.hh.ru/vacancy/72331152?from=vacancy_search_list&query=python']
['Код-ревьюер на курс “Асинхронное программирование на Python”', 'Яндекс Практикум', 'Москва', 'https://prokopyevsk.hh.ru/vacancy/72931587?from=vacancy_search_list&query=python']
['Go/Python разработчик в команду Monetization Efficiency', 'АВИТО ТЕХ: разработка', 'Москва', 'https://prokopyevsk.hh.ru/vacancy/72369983?from=vacancy_search_list&query=python']
['Ручной тестировщик (удаленно)', 'ООО\xa0Axenix (ранее Accenture)', 'Астана', 'https://prokopyevsk.hh.ru/vacancy/72557026?from=vacancy_search_list&query=python']
['Python разработчик (удаленная работа)', '«РОСБАНК»', 'Москва', 'https://prokopyevsk.hh.ru/vacancy/71188469?from=vacancy_search_list&query=python']
['Data Scientist', 'ООО\xa0START.RU', 'Москва', 'https://prokopyevsk.hh.ru/vacancy/71393637?from=vacancy_search_list&query=python']
['Senior Python Developer', 'ООО\xa0ДелоТех', 'Москва', 'https://prokopyevsk.hh.ru/vacancy/72865871?from=vacancy_search_list&query=python']
['Программист Python Middle / Senior', 'Риалвеб', 'Санкт-Петербург', 'https://prokopyevsk.hh.ru/vacancy/66192135?from=vacancy_search_list&query=python']
['Разработчик Python (ALD)', 'Группа компаний Астра', 'Москва', 'https://prokopyevsk.hh.ru/vacancy/70052938?from=vacancy_search_list&query=python']
['Инженер-разработчик Python под Linux', 'ООО\xa0РобоАвиа', 'Симферополь', 'https://prokopyevsk.hh.ru/vacancy/72037718?from=vacancy_search_list&query=python']
['Senior Python Developer', 'ООО\xa0Газпром-медиа Развлекательное телевидение (ГПМ РТВ)', 'Москва', 'https://prokopyevsk.hh.ru/vacancy/73032906?from=vacancy_search_list&query=python']
['Data Engineer', 'ИП\xa0Райков Евгений Игоревич', 'Санкт-Петербург', 'https://prokopyevsk.hh.ru/vacancy/72660700?from=vacancy_search_list&query=python']
['Middle Python Developer', 'ООО\xa0Компания Орбита', 'Москва', 'https://prokopyevsk.hh.ru/vacancy/71976316?from=vacancy_search_list&query=python']
['Разработчик Backend (Python/Golang)', 'ООО «Газпромнефть-Цифровые решения»', 'Санкт-Петербург', 'https://prokopyevsk.hh.ru/vacancy/72849032?from=vacancy_search_list&query=python']
['Python разработчик', 'АО\xa0ОКБ', 'Москва', 'https://prokopyevsk.hh.ru/vacancy/72060417?from=vacancy_search_list&query=python']
['Middle / Senior Python/Go developer', 'ООО\xa0МедиаСофт', 'Ульяновск', 'https://prokopyevsk.hh.ru/vacancy/30548119?from=vacancy_search_list&query=python']
['Архитектор моделей данных (Лидер группы аналитиков)', 'ЗЕНИТ', 'Москва', 'https://prokopyevsk.hh.ru/vacancy/71385303?from=vacancy_search_list&query=python']
['Python developer (Senior)', 'ООО\xa0Диплей', 'Санкт-Петербург', 'https://prokopyevsk.hh.ru/vacancy/71257326?from=vacancy_search_list&query=python']
['Ведущий инженер- программист Python (MIDDLE)', 'ООО\xa0Парус электро', 'Москва', 'https://prokopyevsk.hh.ru/vacancy/70137463?from=vacancy_search_list&query=python']
['Middle Python Developer', 'Advisability', 'Санкт-Петербург', 'https://prokopyevsk.hh.ru/vacancy/72169249?from=vacancy_search_list&query=python']
['Главный программист Python/Django/PostgreSQL', 'Администрация города Вологды', 'Вологда', 'https://prokopyevsk.hh.ru/vacancy/72695041?from=vacancy_search_list&query=python']
['Python Developer', 'ЕВРАЗ. ИТ-специалисты', 'Новосибирск', 'https://prokopyevsk.hh.ru/vacancy/72082654?from=vacancy_search_list&query=python']
['Инженер-программист Python (Воронеж)', 'ООО\xa0Специальный Технологический Центр (ООО СТЦ)', 'Воронеж', 'https://prokopyevsk.hh.ru/vacancy/68025080?from=vacancy_search_list&query=python']
['Senior Software Engineer (Python)', 'EXNESS Global Limited', 'Астана', 'https://prokopyevsk.hh.ru/vacancy/72067527?from=vacancy_search_list&query=python']
['Разработчик Python (Senior)', 'Sitronics Group', 'Москва', 'https://prokopyevsk.hh.ru/vacancy/70688454?from=vacancy_search_list&query=python']
['Python Backend Developer (Team Lead/Remote)', 'JetLend', 'Москва', 'https://prokopyevsk.hh.ru/vacancy/72021528?from=vacancy_search_list&query=python']
['Middle Backend (Python Django) developer', 'ТОО\xa0MERIS Digital Solutions', 'Алматы', 'https://prokopyevsk.hh.ru/vacancy/72681202?from=vacancy_search_list&query=python']
['Python разработчик', 'ООО\xa0Газпром-медиа Развлекательное телевидение (ГПМ РТВ)', 'Москва', 'https://prokopyevsk.hh.ru/vacancy/71770454?from=vacancy_search_list&query=python']
['Backend разработчик python (middle+/senior)', 'ПАО «Газпром нефть»', 'Екатеринбург', 'https://prokopyevsk.hh.ru/vacancy/72688708?from=vacancy_search_list&query=python']
['Data Scientist / ML-инженер', 'Медиалогия', 'Москва', 'https://prokopyevsk.hh.ru/vacancy/69856866?from=vacancy_search_list&query=python']
['Senior python developer', 'Wanted', 'Москва', 'https://prokopyevsk.hh.ru/vacancy/72401284?from=vacancy_search_list&query=python']
['Python Developer', 'ООО\xa0ИЦ АЙ-ТЕКО', 'Москва', 'https://prokopyevsk.hh.ru/vacancy/72302273?from=vacancy_search_list&query=python']
['Инженер-программист ML', 'RIT Automation', 'Новосибирск', 'https://prokopyevsk.hh.ru/vacancy/71592634?from=vacancy_search_list&query=python']
['Разработчик Python (Senior)', 'АО\xa0Консист-ОС', 'Москва', 'https://prokopyevsk.hh.ru/vacancy/70587434?from=vacancy_search_list&query=python']
['Senior Python Developer', 'Skillbox', 'Москва', 'https://prokopyevsk.hh.ru/vacancy/71120366?from=vacancy_search_list&query=python']
['Data Engineer (Команда Кредитные риски)', 'Kaspi.kz', 'Алматы', 'https://prokopyevsk.hh.ru/vacancy/72447741?from=vacancy_search_list&query=python']
['Python developer (Senior)', 'ООО\xa0Диплей', 'Москва', 'https://prokopyevsk.hh.ru/vacancy/71257325?from=vacancy_search_list&query=python']
['Senior/Lead Python-разработчик', 'Контур', 'Красноярск', 'https://prokopyevsk.hh.ru/vacancy/71358587?from=vacancy_search_list&query=python']
['Программист-математик', 'ООО\xa0Специальный Технологический Центр (ООО СТЦ)', 'Санкт-Петербург', 'https://prokopyevsk.hh.ru/vacancy/68235157?from=vacancy_search_list&query=python']
['Python-разработчик (middle)', 'ООО\xa0ИнноГеоТех', 'Санкт-Петербург', 'https://prokopyevsk.hh.ru/vacancy/72236670?from=vacancy_search_list&query=python']
['Ведущий разработчик Python', 'АО\xa0ИнфоТеКС', 'Москва', 'https://prokopyevsk.hh.ru/vacancy/72398896?from=vacancy_search_list&query=python']
['Teamlead Backend (Python)', 'Онлайн-школа Тетрика', 'Москва', 'https://prokopyevsk.hh.ru/vacancy/68616488?from=vacancy_search_list&query=python']
['Backend Developer (Python)', 'EXANTE', 'Кипр', 'https://prokopyevsk.hh.ru/vacancy/72346557?from=vacancy_search_list&query=python']
['Senior Python-разработчик', 'Performance Lab (Перфоманс Лаб)', 'Москва', 'https://prokopyevsk.hh.ru/vacancy/67727675?from=vacancy_search_list&query=python']
['Программист Python (Senior)', 'АО\xa0К-ТЕХНОЛОГИИ', 'Москва', 'https://prokopyevsk.hh.ru/vacancy/69346363?from=vacancy_search_list&query=python']
['QA Auto (Python)', 'SberTech', 'Москва', 'https://prokopyevsk.hh.ru/vacancy/72065854?from=vacancy_search_list&query=python']
['Senior/Lead Python-разработчик', 'Контур', 'Екатеринбург', 'https://prokopyevsk.hh.ru/vacancy/71358584?from=vacancy_search_list&query=python']
['Data Scientist', 'Finstar Financial Group', 'Москва', 'https://prokopyevsk.hh.ru/vacancy/69293111?from=vacancy_search_list&query=python']
['FullStack Developer Python/React', 'Департамент персонала', 'Москва', 'https://prokopyevsk.hh.ru/vacancy/72492028?from=vacancy_search_list&query=python']
['Python developer (middle-middle+)', 'ООО\xa0Napoleon IT', 'Санкт-Петербург', 'https://prokopyevsk.hh.ru/vacancy/72159543?from=vacancy_search_list&query=python']
['Python-разработчик в команду Облачных баз данных', 'Selectel', 'Москва', 'https://prokopyevsk.hh.ru/vacancy/72417835?from=vacancy_search_list&query=python']
['Senior Python Developer', 'ООО\xa0Открытые решения', 'Москва', 'https://prokopyevsk.hh.ru/vacancy/72688881?from=vacancy_search_list&query=python']
['Разработчик C++/Python', 'АО\xa0РАСУ', 'Москва', 'https://prokopyevsk.hh.ru/vacancy/71288425?from=vacancy_search_list&query=python']
['Middle+ Python Developer', 'ЗАО\xa0Группа компаний С7', 'Москва', 'https://prokopyevsk.hh.ru/vacancy/72317353?from=vacancy_search_list&query=python']
['Data Scientist', 'Marksman', 'Москва', 'https://prokopyevsk.hh.ru/vacancy/72161998?from=vacancy_search_list&query=python']
['Python Developer / Разработчик Python (Django/Flask)', 'ИП\xa0Школа программирования KnewIT', 'Алматы', 'https://prokopyevsk.hh.ru/vacancy/72938829?from=vacancy_search_list&query=python']
['Программист Python/Django', 'ООО\xa0ВайсВеб', 'Минск', 'https://prokopyevsk.hh.ru/vacancy/72454682?from=vacancy_search_list&query=python']
['Преподаватель программирования', 'ООО\xa0Школа иновации Новое поколение', 'Бишкек', 'https://prokopyevsk.hh.ru/vacancy/72890852?from=vacancy_search_list&query=python']
['Преподаватель Python / Django', 'ООО\xa0Raqamli Dunyo', 'Ташкент', 'https://prokopyevsk.hh.ru/vacancy/72721514?from=vacancy_search_list&query=python']
['Middle Backend (Python) разработчик', 'ТОО\xa0Get Player', 'Алматы', 'https://prokopyevsk.hh.ru/vacancy/72732566?from=vacancy_search_list&query=python']
['Data Scientist', 'ТОО\xa0Grand era', 'Алматы', 'https://prokopyevsk.hh.ru/vacancy/72417582?from=vacancy_search_list&query=python']
['Python / Django разработчик (TeamLead / CTO)', 'ТОО\xa0MERIS Digital Solutions', 'Атырау', 'https://prokopyevsk.hh.ru/vacancy/72363664?from=vacancy_search_list&query=python']
['Python automation developer', 'ООО\xa0ТУТ-трэвел', 'Минск', 'https://prokopyevsk.hh.ru/vacancy/72263945?from=vacancy_search_list&query=python']
['Data инженер', 'ТОО\xa0Коммерц Group', 'Алматы', 'https://prokopyevsk.hh.ru/vacancy/72349316?from=vacancy_search_list&query=python']
['Преподаватель по программированию для детей', 'ИП\xa0Исмаилова С.Е.', 'Алматы', 'https://prokopyevsk.hh.ru/vacancy/71969516?from=vacancy_search_list&query=python']
['Учитель информатики', 'ООО\xa0STARS INTERNATIONAL UNIVERSITY', 'Ташкент', 'https://prokopyevsk.hh.ru/vacancy/72187547?from=vacancy_search_list&query=python']
['Senior Python разработчик (back-end)', 'ТОО\xa0КМГ Инжиниринг', 'Астана', 'https://prokopyevsk.hh.ru/vacancy/72009838?from=vacancy_search_list&query=python']
['Data Analyst', 'WILDBERRIES', 'Москва', 'https://prokopyevsk.hh.ru/vacancy/73043533?from=vacancy_search_list&query=python']
['Database administrator (ClickHouse) в команду антифрод-решений', 'WILDBERRIES', 'Москва', 'https://prokopyevsk.hh.ru/vacancy/69637266?from=vacancy_search_list&query=python']
['Senior system administrator (Linux)', 'WILDBERRIES', 'Москва', 'https://prokopyevsk.hh.ru/vacancy/72759225?from=vacancy_search_list&query=python']
['Аналитик данных', 'ООО\xa0ДельтаЛизинг', 'Новосибирск', 'https://prokopyevsk.hh.ru/vacancy/73227411?from=vacancy_search_list&query=python']
['Инженер Oracle DBA', 'Банк ВТБ (ПАО)', 'Хабаровск', 'https://prokopyevsk.hh.ru/vacancy/73199108?from=vacancy_search_list&query=python']
['Инженер Oracle DBA', 'Банк ВТБ (ПАО)', 'Екатеринбург', 'https://prokopyevsk.hh.ru/vacancy/73199109?from=vacancy_search_list&query=python']
['Middle DevOps engineer', 'Банк ВТБ (ПАО)', 'Хабаровск', 'https://prokopyevsk.hh.ru/vacancy/73138016?from=vacancy_search_list&query=python']
['Прикладной администратор', 'Банк ВТБ (ПАО)', 'Самара', 'https://prokopyevsk.hh.ru/vacancy/73038189?from=vacancy_search_list&query=python']
['Data Engineer (ETL Developer)', 'Lesta Games', 'Санкт-Петербург', 'https://prokopyevsk.hh.ru/vacancy/67471218?from=vacancy_search_list&query=python']
['Senior Software Development Engineer in Test (Python)', 'Лаборатория Касперского', 'Москва', 'https://prokopyevsk.hh.ru/vacancy/73190944?from=vacancy_search_list&query=python']
['Системный разработчик - администратор', 'ООО\xa0Моринтех', 'Москва', 'https://prokopyevsk.hh.ru/vacancy/72466472?from=vacancy_search_list&query=python']
['Senior Python Developer', 'Whoosh (ООО Вуш)', 'Москва', 'https://prokopyevsk.hh.ru/vacancy/68492110?from=vacancy_search_list&query=python']
['Research Engineer (Инженер-исследователь)', 'Ростелеком-Солар', 'Москва', 'https://prokopyevsk.hh.ru/vacancy/72300773?from=vacancy_search_list&query=python']
['Руководитель группы Data Science', 'Ozon Информационные технологии', 'Москва', 'https://prokopyevsk.hh.ru/vacancy/72702509?from=vacancy_search_list&query=python']
['Middle/Senior Python Developer (Платформа управления флотом)', 'SberAutoTech', 'Москва', 'https://prokopyevsk.hh.ru/vacancy/70850475?from=vacancy_search_list&query=python']
['Python Devops (DSCore)', 'Домклик', 'Москва', 'https://prokopyevsk.hh.ru/vacancy/71389643?from=vacancy_search_list&query=python']
['Jinior Malware Analyst', 'Лаборатория Касперского', 'Москва', 'https://prokopyevsk.hh.ru/vacancy/72761413?from=vacancy_search_list&query=python']
['Data Engineer (Big Data)', 'Платформа ОФД', 'Москва', 'https://prokopyevsk.hh.ru/vacancy/68841364?from=vacancy_search_list&query=python']
['Data аналитик (Big Data)', 'Группа Самолет', 'Москва', 'https://prokopyevsk.hh.ru/vacancy/72888885?from=vacancy_search_list&query=python']
['Senior Python разработчик', 'Сбер. IT', 'Москва', 'https://prokopyevsk.hh.ru/vacancy/70979798?from=vacancy_search_list&query=python']
['DevOps инженер (bare metal)', 'RetailCRM', 'Москва', 'https://prokopyevsk.hh.ru/vacancy/72340540?from=vacancy_search_list&query=python']
['Erlang разработчик', 'UserGate', 'Санкт-Петербург', 'https://prokopyevsk.hh.ru/vacancy/72647685?from=vacancy_search_list&query=python']
['DevOps engineer', 'Кадровое агентство Юнити', 'Москва', 'https://prokopyevsk.hh.ru/vacancy/73034407?from=vacancy_search_list&query=python']
['Team Lead python developer', 'Альфа-Банк. Digital & IT', 'Москва', 'https://prokopyevsk.hh.ru/vacancy/73043426?from=vacancy_search_list&query=python']
['Data Scientist', 'Ozon Информационные технологии', 'Москва', 'https://prokopyevsk.hh.ru/vacancy/55433924?from=vacancy_search_list&query=python']
['Hadoop\\Python Developer(Middle\\Senior)', 'MASTERDATA', 'Москва', 'https://prokopyevsk.hh.ru/vacancy/73044146?from=vacancy_search_list&query=python']
['QA automation (Python)', 'МАГНИТ', 'Москва', 'https://prokopyevsk.hh.ru/vacancy/73063473?from=vacancy_search_list&query=python']
['Data Engineer', 'ПАО\xa0Ростелеком', 'Москва', 'https://prokopyevsk.hh.ru/vacancy/69667749?from=vacancy_search_list&query=python']
['Инженер-программист FPGA/ПЛИС', 'ООО\xa0СМАРТС-Кванттелеком', 'Санкт-Петербург', 'https://prokopyevsk.hh.ru/vacancy/72281087?from=vacancy_search_list&query=python']
['Team Lead Data Engineer (Big Data)', 'Платформа ОФД', 'Москва', 'https://prokopyevsk.hh.ru/vacancy/72429225?from=vacancy_search_list&query=python']
['Team Lead Python/Go', 'GOST-group', 'Москва', 'https://prokopyevsk.hh.ru/vacancy/73085402?from=vacancy_search_list&query=python']
['Геймдизайнер-аналитик на мобильную RTS', 'Gear Games', 'Москва', 'https://prokopyevsk.hh.ru/vacancy/72557581?from=vacancy_search_list&query=python']
['Инженер DevOps', 'билайн: ИТ', 'Москва', 'https://prokopyevsk.hh.ru/vacancy/72212971?from=vacancy_search_list&query=python']
['Data Engineer (ETL Developer)', 'Lesta Games', 'Санкт-Петербург', 'https://prokopyevsk.hh.ru/vacancy/67471218?from=vacancy_search_list&query=python']
['Senior Software Development Engineer in Test (Python)', 'Лаборатория Касперского', 'Москва', 'https://prokopyevsk.hh.ru/vacancy/73190944?from=vacancy_search_list&query=python']
['Системный разработчик - администратор', 'ООО\xa0Моринтех', 'Москва', 'https://prokopyevsk.hh.ru/vacancy/72466472?from=vacancy_search_list&query=python']
['Senior системный разработчик (python', 'Контур', 'Иннополис', 'https://prokopyevsk.hh.ru/vacancy/72213769?from=vacancy_search_list&query=python']
['Senior системный разработчик (python', 'Контур', 'Санкт-Петербург', 'https://prokopyevsk.hh.ru/vacancy/72213907?from=vacancy_search_list&query=python']
['Senior Python Developer', 'Whoosh (ООО Вуш)', 'Москва', 'https://prokopyevsk.hh.ru/vacancy/68492110?from=vacancy_search_list&query=python']
['Research Engineer (Инженер-исследователь)', 'Ростелеком-Солар', 'Москва', 'https://prokopyevsk.hh.ru/vacancy/72300773?from=vacancy_search_list&query=python']
['Руководитель группы Data Science', 'Ozon Информационные технологии', 'Москва', 'https://prokopyevsk.hh.ru/vacancy/72702509?from=vacancy_search_list&query=python']
['Middle/Senior Python Developer (Платформа управления флотом)', 'SberAutoTech', 'Москва', 'https://prokopyevsk.hh.ru/vacancy/70850475?from=vacancy_search_list&query=python']
['Python Devops (DSCore)', 'Домклик', 'Москва', 'https://prokopyevsk.hh.ru/vacancy/71389643?from=vacancy_search_list&query=python']
['Jinior Malware Analyst', 'Лаборатория Касперского', 'Москва', 'https://prokopyevsk.hh.ru/vacancy/72761413?from=vacancy_search_list&query=python']
['Data Engineer (Big Data)', 'Платформа ОФД', 'Москва', 'https://prokopyevsk.hh.ru/vacancy/68841364?from=vacancy_search_list&query=python']
['Data аналитик (Big Data)', 'Группа Самолет', 'Москва', 'https://prokopyevsk.hh.ru/vacancy/72888885?from=vacancy_search_list&query=python']
['Senior Python разработчик', 'Сбер. IT', 'Москва', 'https://prokopyevsk.hh.ru/vacancy/70979798?from=vacancy_search_list&query=python']
['DevOps инженер (bare metal)', 'RetailCRM', 'Москва', 'https://prokopyevsk.hh.ru/vacancy/72340540?from=vacancy_search_list&query=python']
['Аналитик SQL', 'ЛУКОЙЛ', 'Москва', 'https://prokopyevsk.hh.ru/vacancy/72398044?from=vacancy_search_list&query=python']
['Разработчик', 'ВкусВилл. Офис', 'Москва', 'https://prokopyevsk.hh.ru/vacancy/72764547?from=vacancy_search_list&query=python']
['Python (Mıddle) Developer', 'Cimo Group', 'Москва', 'https://prokopyevsk.hh.ru/vacancy/72221850?from=vacancy_search_list&query=python']
['Продуктовый аналитик (ВКонтакте для Бизнеса)', 'VK', 'Москва', 'https://prokopyevsk.hh.ru/vacancy/72191784?from=vacancy_search_list&query=python']
['Аналитик данных', 'Бэнкс Софт Системс', 'Москва', 'https://prokopyevsk.hh.ru/vacancy/72475780?from=vacancy_search_list&query=python']
['Django developer', 'Нидодин Александр', 'Москва', 'https://prokopyevsk.hh.ru/vacancy/72275858?from=vacancy_search_list&query=python']
['Backend-разработчик', 'ООО\xa0КИРБ', 'Москва', 'https://prokopyevsk.hh.ru/vacancy/72233668?from=vacancy_search_list&query=python']
['Fullstack developer (JS+Python)', '«РОСБАНК»', 'Москва', 'https://prokopyevsk.hh.ru/vacancy/71983258?from=vacancy_search_list&query=python']
['Data analyst / Аналитик данных', 'ООО\xa0IQnergy', 'Москва', 'https://prokopyevsk.hh.ru/vacancy/68605154?from=vacancy_search_list&query=python']
['Преподаватель компьютерных курсов для взрослых (Python', 'Компьютерная Академия Top', 'Хабаровск', 'https://prokopyevsk.hh.ru/vacancy/73014006?from=vacancy_search_list&query=python']
['Developer C++ (СХД)', 'BAUM INFORM', 'Москва', 'https://prokopyevsk.hh.ru/vacancy/72020451?from=vacancy_search_list&query=python']
['Наставник', 'Rebotica', 'Санкт-Петербург', 'https://prokopyevsk.hh.ru/vacancy/72741523?from=vacancy_search_list&query=python']
['Automation QA Specialist', 'Lesta Games', 'Санкт-Петербург', 'https://prokopyevsk.hh.ru/vacancy/52346968?from=vacancy_search_list&query=python']
['DevOps engineer', 'КуулКлевер (МясновЪ', 'Нижний Новгород', 'https://prokopyevsk.hh.ru/vacancy/73183458?from=vacancy_search_list&query=python']
['Инженер внедрения и сопровождения программного обеспечения', 'ООО\xa0ЭВРИТЕГ', 'Москва', 'https://prokopyevsk.hh.ru/vacancy/73177823?from=vacancy_search_list&query=python']
['ETL разработчик', 'ООО\xa0АЙТИ.СПЕЙС', 'Москва', 'https://prokopyevsk.hh.ru/vacancy/73255325?from=vacancy_search_list&query=python']
['Ведущий инженер Linux (SRE', 'Netris', 'Москва', 'https://prokopyevsk.hh.ru/vacancy/45446457?from=vacancy_search_list&query=python']
['Junior аналитик в финансовый отдел сервиса путешествий', 'Туту.ру', 'Москва', 'https://prokopyevsk.hh.ru/vacancy/72694643?from=vacancy_search_list&query=python']
['Maintainer of UNIX systems', 'UserGate', 'Новосибирск', 'https://prokopyevsk.hh.ru/vacancy/73016469?from=vacancy_search_list&query=python']
['С++ developer', 'Адалиск', 'Москва', 'https://prokopyevsk.hh.ru/vacancy/72741785?from=vacancy_search_list&query=python']
['Разработчик модулей биллинговой инфраструктуры Райдтеха', 'Яндекс', 'Москва', 'https://prokopyevsk.hh.ru/vacancy/73283529?from=vacancy_search_list&query=python']
['Product Analyst (Mobility Cluster)', 'inDrive', 'Алматы', 'https://prokopyevsk.hh.ru/vacancy/72721573?from=vacancy_search_list&query=python']
['QA Specialist', 'Lesta Games', 'Москва', 'https://prokopyevsk.hh.ru/vacancy/70427377?from=vacancy_search_list&query=python']
['DevOps Engineer', 'ООО\xa0Кибертех-Сигнал', 'Москва', 'https://prokopyevsk.hh.ru/vacancy/72157319?from=vacancy_search_list&query=python']
['Senior product analyst', 'Lamoda', 'Москва', 'https://prokopyevsk.hh.ru/vacancy/69631965?from=vacancy_search_list&query=python']
['Младший Релиз-инженер/Junior Release Engineer', 'Доктор Веб', 'Санкт-Петербург', 'https://prokopyevsk.hh.ru/vacancy/67551404?from=vacancy_search_list&query=python']
['Lead C++ Engineer', 'AWEM', 'Минск', 'https://prokopyevsk.hh.ru/vacancy/71808388?from=vacancy_search_list&query=python']
['Middle/Senior QA Engineer (Core Data Platform Team)', 'inDrive', 'Алматы', 'https://prokopyevsk.hh.ru/vacancy/72001439?from=vacancy_search_list&query=python']
['Data Scientist', 'Сбер для экспертов', 'Екатеринбург', 'https://prokopyevsk.hh.ru/vacancy/73224369?from=vacancy_search_list&query=python']
['Преподаватель IT-дисциплин (средняя школа)', 'ЧУ ДО Московская школа программистов', 'Москва', 'https://prokopyevsk.hh.ru/vacancy/72404153?from=vacancy_search_list&query=python']
['Инженер (на продукты SIEM/UBA)', 'NGRSOFTLAB', 'Москва', 'https://prokopyevsk.hh.ru/vacancy/73090393?from=vacancy_search_list&query=python']
['Ведущий аналитик BI', 'Триафлай', 'Москва', 'https://prokopyevsk.hh.ru/vacancy/72742311?from=vacancy_search_list&query=python']
['QA Engineer/Инженер по тестированию (решения видеонаблюдения/CCTV)', 'Netris', 'Москва', 'https://prokopyevsk.hh.ru/vacancy/69469209?from=vacancy_search_list&query=python']
['Доцент / Профессор (программирование', 'ФГБОУ ВО Тюменский Индустриальный Университет', 'Тюмень', 'https://prokopyevsk.hh.ru/vacancy/73228688?from=vacancy_search_list&query=python']
['Senior QA Engineer (Automation', 'EXNESS Global Limited', 'Москва', 'https://prokopyevsk.hh.ru/vacancy/73233979?from=vacancy_search_list&query=python']
['Senior pentest engineer (Relocation)', 'Silverbird', 'Тбилиси', 'https://prokopyevsk.hh.ru/vacancy/72000515?from=vacancy_search_list&query=python']
['Системный администратор', 'ООО\xa0ОНИН', 'Москва', 'https://prokopyevsk.hh.ru/vacancy/71609266?from=vacancy_search_list&query=python']
['Руководитель группы Data Engineer', 'Ozon Информационные технологии', 'Москва', 'https://prokopyevsk.hh.ru/vacancy/69819329?from=vacancy_search_list&query=python']
['Team Lead Fraud Analyst', 'Lanck Telecom', 'Москва', 'https://prokopyevsk.hh.ru/vacancy/70701001?from=vacancy_search_list&query=python']
['Senior application developer (Linux)/Руководитель разработки прикладных решений (Linux)', 'ООО\xa0ВедаПроект', 'Москва', 'https://prokopyevsk.hh.ru/vacancy/71508347?from=vacancy_search_list&query=python']
['Разработчик Go/Python (удалённо)', 'ООО\xa0Решения Для Имейл Рассылок', 'Санкт-Петербург', 'https://prokopyevsk.hh.ru/vacancy/72317401?from=vacancy_search_list&query=python']
['Бэкенд разработчик', 'ООО\xa0Мэйнс Лаборатория', 'Москва', 'https://prokopyevsk.hh.ru/vacancy/72081683?from=vacancy_search_list&query=python']
['Junior Python-разработчик (стажер)', 'ООО\xa0Айти Профи Клуб', 'Москва', 'https://prokopyevsk.hh.ru/vacancy/72930938?from=vacancy_search_list&query=python']
['Стажер Data scientist', 'Сбер. IT', 'Москва', 'https://prokopyevsk.hh.ru/vacancy/72088729?from=vacancy_search_list&query=python']
['Инженер дежурной смены (стажер - DevOps Junior)', 'Альфа-Банк. Digital & IT', 'Москва', 'https://prokopyevsk.hh.ru/vacancy/72731862?from=vacancy_search_list&query=python']
['Junior Data Engineer', 'Сбер. Data Science', 'Москва', 'https://prokopyevsk.hh.ru/vacancy/67136889?from=vacancy_search_list&query=python']
['Продуктовый аналитик', 'ООО\xa0ПИК-РЕМОНТ', 'Москва', 'https://prokopyevsk.hh.ru/vacancy/72366885?from=vacancy_search_list&query=python']
['Data-аналитик (Дзен)', 'VK', 'Москва', 'https://prokopyevsk.hh.ru/vacancy/73070233?from=vacancy_search_list&query=python']
['Программист Python', 'ООО\xa0Электронная медицина', 'Ростов-на-Дону', 'https://prokopyevsk.hh.ru/vacancy/49488972?from=vacancy_search_list&query=python']
['Программист Python', 'ООО\xa0Артистраж', 'Москва', 'https://prokopyevsk.hh.ru/vacancy/72423044?from=vacancy_search_list&query=python']
['Junior Аналитик данных', 'Сбер. Data Science', 'Москва', 'https://prokopyevsk.hh.ru/vacancy/70761595?from=vacancy_search_list&query=python']
['Junior Python Developer', 'Advisability', 'Санкт-Петербург', 'https://prokopyevsk.hh.ru/vacancy/72791747?from=vacancy_search_list&query=python']
['Data-аналитик (Дзен)', 'VK', 'Санкт-Петербург', 'https://prokopyevsk.hh.ru/vacancy/73070234?from=vacancy_search_list&query=python']
['Junior Data Scientist', 'Сбер. Data Science', 'Москва', 'https://prokopyevsk.hh.ru/vacancy/71582181?from=vacancy_search_list&query=python']
['Продуктовый аналитик', 'L’etoile Digital', 'Москва', 'https://prokopyevsk.hh.ru/vacancy/71330127?from=vacancy_search_list&query=python']
['Аналитик данных (junior)', 'ПАО\xa0Московская Биржа', 'Москва', 'https://prokopyevsk.hh.ru/vacancy/71781851?from=vacancy_search_list&query=python']
['Аналитик (Data Analyst)', 'АО\xa0Jusan Bank', 'Алматы', 'https://prokopyevsk.hh.ru/vacancy/72911384?from=vacancy_search_list&query=python']
['Machine Learning Specialist', 'O.dev', 'Москва', 'https://prokopyevsk.hh.ru/vacancy/72805393?from=vacancy_search_list&query=python']
['Стажер Data Аналитик', 'Сбер. IT', 'Москва', 'https://prokopyevsk.hh.ru/vacancy/71579194?from=vacancy_search_list&query=python']
['Data Scientist', 'Ozon Информационные технологии', 'Санкт-Петербург', 'https://prokopyevsk.hh.ru/vacancy/55433917?from=vacancy_search_list&query=python']
['QA Engineer/Инженер по тестированию (решения видеонаблюдения/CCTV)', 'Netris', 'Москва', 'https://prokopyevsk.hh.ru/vacancy/69469209?from=vacancy_search_list&query=python']
['Доцент / Профессор (программирование', 'ФГБОУ ВО Тюменский Индустриальный Университет', 'Тюмень', 'https://prokopyevsk.hh.ru/vacancy/73228688?from=vacancy_search_list&query=python']
['Senior QA Engineer (Automation', 'EXNESS Global Limited', 'Москва', 'https://prokopyevsk.hh.ru/vacancy/73233979?from=vacancy_search_list&query=python']
['Senior pentest engineer (Relocation)', 'Silverbird', 'Тбилиси', 'https://prokopyevsk.hh.ru/vacancy/72000515?from=vacancy_search_list&query=python']
['Системный администратор', 'ООО\xa0ОНИН', 'Москва', 'https://prokopyevsk.hh.ru/vacancy/71609266?from=vacancy_search_list&query=python']
['Руководитель группы Data Engineer', 'Ozon Информационные технологии', 'Москва', 'https://prokopyevsk.hh.ru/vacancy/69819329?from=vacancy_search_list&query=python']
['Team Lead Fraud Analyst', 'Lanck Telecom', 'Москва', 'https://prokopyevsk.hh.ru/vacancy/70701001?from=vacancy_search_list&query=python']
['Senior application developer (Linux)/Руководитель разработки прикладных решений (Linux)', 'ООО\xa0ВедаПроект', 'Москва', 'https://prokopyevsk.hh.ru/vacancy/71508347?from=vacancy_search_list&query=python']
['Scientific Models Developer', 'АО\xa0Аркадия', 'Тбилиси', 'https://prokopyevsk.hh.ru/vacancy/73239964?from=vacancy_search_list&query=python']
['QA automation engineer', 'Selecty', 'Казань', 'https://prokopyevsk.hh.ru/vacancy/73247408?from=vacancy_search_list&query=python']
['Full-Stack Developer VueJS+Laravel (удаленно)', 'ИП\xa0Muxtarova Anna Irikovna', 'Ташкент', 'https://prokopyevsk.hh.ru/vacancy/72017946?from=vacancy_search_list&query=python']
['Руководитель отдела разработки численных методов и математических исследований', 'ООО\xa0НТЦ Симмэйкерс', 'Новосибирск', 'https://prokopyevsk.hh.ru/vacancy/72231120?from=vacancy_search_list&query=python']
['Инженер технической поддержки', 'ООО\xa0ТетраСофт-Сервис', 'Санкт-Петербург', 'https://prokopyevsk.hh.ru/vacancy/72406374?from=vacancy_search_list&query=python']
['Инженер технической поддержки (ночной график)', 'ООО\xa0ТетраСофт-Сервис', 'Санкт-Петербург', 'https://prokopyevsk.hh.ru/vacancy/72406339?from=vacancy_search_list&query=python']
['Senior Java разработчик (POS для ресторанов)', 'Lightspeed', 'Тбилиси', 'https://prokopyevsk.hh.ru/vacancy/73183717?from=vacancy_search_list&query=python']
['Инженер-верификатор', 'Аквариус', 'Москва', 'https://prokopyevsk.hh.ru/vacancy/71910048?from=vacancy_search_list&query=python']
['DevOps-инженер', 'Сбер для экспертов', 'Санкт-Петербург', 'https://prokopyevsk.hh.ru/vacancy/72679190?from=vacancy_search_list&query=python']
['Ведущий системный аналитик', 'Группа Самолет', 'Москва', 'https://prokopyevsk.hh.ru/vacancy/73025052?from=vacancy_search_list&query=python']
['Security Analyst', 'Лаборатория Касперского', 'Москва', 'https://prokopyevsk.hh.ru/vacancy/69473834?from=vacancy_search_list&query=python']
['Инженер-математик', 'CUSTIS', 'Москва', 'https://prokopyevsk.hh.ru/vacancy/73205734?from=vacancy_search_list&query=python']
